,Power
2024-05-28 00:00:00,0.0
2024-05-28 00:05:00,0.0
2024-05-28 00:10:00,0.0
2024-05-28 00:15:00,0.0
2024-05-28 00:20:00,0.0
2024-05-28 00:25:00,0.0
2024-05-28 00:30:00,0.0
2024-05-28 00:35:00,0.0
2024-05-28 00:40:00,0.0
2024-05-28 00:45:00,0.0
2024-05-28 00:50:00,0.0
2024-05-28 00:55:00,0.0
2024-05-28 01:00:00,0.0
2024-05-28 01:05:00,0.0
2024-05-28 01:10:00,0.0
2024-05-28 01:15:00,0.0
2024-05-28 01:20:00,0.0
2024-05-28 01:25:00,0.0
2024-05-28 01:30:00,0.0
2024-05-28 01:35:00,0.0
2024-05-28 01:40:00,0.0
2024-05-28 01:45:00,0.0
2024-05-28 01:50:00,0.0
2024-05-28 01:55:00,0.0
2024-05-28 02:00:00,0.0
2024-05-28 02:05:00,0.0
2024-05-28 02:10:00,0.0
2024-05-28 02:15:00,0.0
2024-05-28 02:20:00,0.0
2024-05-28 02:25:00,0.0
2024-05-28 02:30:00,0.0
2024-05-28 02:35:00,0.0
2024-05-28 02:40:00,0.0
2024-05-28 02:45:00,0.0
2024-05-28 02:50:00,0.0
2024-05-28 02:55:00,0.0
2024-05-28 03:00:00,0.0
2024-05-28 03:05:00,0.0
2024-05-28 03:10:00,0.0
2024-05-28 03:15:00,0.0
2024-05-28 03:20:00,0.0
2024-05-28 03:25:00,0.0
2024-05-28 03:30:00,0.0
2024-05-28 03:35:00,0.0
2024-05-28 03:40:00,0.0
2024-05-28 03:45:00,0.0
2024-05-28 03:50:00,0.0
2024-05-28 03:55:00,0.0
2024-05-28 04:00:00,0.0
2024-05-28 04:05:00,0.0
2024-05-28 04:10:00,0.0
2024-05-28 04:15:00,0.0
2024-05-28 04:20:00,0.0
2024-05-28 04:25:00,0.0
2024-05-28 04:30:00,0.0
2024-05-28 04:35:00,0.0
2024-05-28 04:40:00,0.0
2024-05-28 04:45:00,0.0
2024-05-28 04:50:00,0.0
2024-05-28 04:55:00,0.0
2024-05-28 05:00:00,0.0
2024-05-28 05:05:00,0.0006428262144327164
2024-05-28 05:10:00,0.0008732860833406449
2024-05-28 05:15:00,0.0009397178143262864
2024-05-28 05:20:00,0.0010309327244758606
2024-05-28 05:25:00,0.0010942581295967102
2024-05-28 05:30:00,0.0011979996860027311
2024-05-28 05:35:00,0.0015036194324493408
2024-05-28 05:40:00,0.0020817696452140808
2024-05-28 05:45:00,0.0026798409223556517
2024-05-28 05:50:00,0.0025049912333488466
2024-05-28 05:55:00,0.002286551535129547
2024-05-28 06:00:00,0.004968148171901703
2024-05-28 06:05:00,0.007135612189769745
2024-05-28 06:10:00,0.009814676523208618
2024-05-28 06:15:00,0.016797470331192017
2024-05-28 06:20:00,0.02619326448440552
2024-05-28 06:25:00,0.04193917322158813
2024-05-28 06:30:00,0.058177874565124514
2024-05-28 06:35:00,0.08236282253265381
2024-05-28 06:40:00,0.10971935844421388
2024-05-28 06:45:00,0.1254601707458496
2024-05-28 06:50:00,0.1446511116027832
2024-05-28 06:55:00,0.1626549873352051
2024-05-28 07:00:00,0.17787992477416992
2024-05-28 07:05:00,0.20146471405029298
2024-05-28 07:10:00,0.2380552673339844
2024-05-28 07:15:00,0.2840753593444824
2024-05-28 07:20:00,0.32096980285644533
2024-05-28 07:25:00,0.34336190032958985
2024-05-28 07:30:00,0.3741991882324219
2024-05-28 07:35:00,0.4178504943847656
2024-05-28 07:40:00,0.5026650466918945
2024-05-28 07:45:00,0.5918919448852539
2024-05-28 07:50:00,0.6021057586669922
2024-05-28 07:55:00,0.6128126983642578
2024-05-28 08:00:00,0.6888700714111328
2024-05-28 08:05:00,0.7685325469970703
2024-05-28 08:10:00,0.7986867218017578
2024-05-28 08:15:00,0.8139444274902343
2024-05-28 08:20:00,0.8388799591064453
2024-05-28 08:25:00,0.9373430023193361
2024-05-28 08:30:00,1.0451822204589845
2024-05-28 08:35:00,0.9977137298583985
2024-05-28 08:40:00,0.9347124786376952
2024-05-28 08:45:00,0.9594219818115234
2024-05-28 08:50:00,1.0156255035400392
2024-05-28 08:55:00,1.0711290283203125
2024-05-28 09:00:00,1.1028125610351562
2024-05-28 09:05:00,1.1666916198730468
2024-05-28 09:10:00,1.2384483947753906
2024-05-28 09:15:00,1.2440136108398439
2024-05-28 09:20:00,1.2077186584472657
2024-05-28 09:25:00,1.2030004272460937
2024-05-28 09:30:00,1.2901750793457032
2024-05-28 09:35:00,1.4020368347167969
2024-05-28 09:40:00,1.449985137939453
2024-05-28 09:45:00,1.4436943664550779
2024-05-28 09:50:00,1.4511774291992188
2024-05-28 09:55:00,1.4816952514648438
2024-05-28 10:00:00,1.5055811767578124
2024-05-28 10:05:00,1.54113232421875
2024-05-28 10:10:00,1.5717077331542968
2024-05-28 10:15:00,1.57667529296875
2024-05-28 10:20:00,1.5777787170410156
2024-05-28 10:25:00,1.6232278747558593
2024-05-28 10:30:00,1.7033680725097655
2024-05-28 10:35:00,1.740306182861328
2024-05-28 10:40:00,1.749461883544922
2024-05-28 10:45:00,1.75695849609375
2024-05-28 10:50:00,1.7230303039550778
2024-05-28 10:55:00,1.507063690185547
2024-05-28 11:00:00,1.3228120727539063
2024-05-28 11:05:00,1.282209014892578
2024-05-28 11:10:00,1.2584640197753907
2024-05-28 11:15:00,1.4390593566894532
2024-05-28 11:20:00,1.5963607482910156
2024-05-28 11:25:00,1.4474635162353515
2024-05-28 11:30:00,1.3006044921875
2024-05-28 11:35:00,1.5186162567138672
2024-05-28 11:40:00,1.7621657409667968
2024-05-28 11:45:00,1.785661834716797
2024-05-28 11:50:00,1.7949431457519531
2024-05-28 11:55:00,1.8013520202636721
2024-05-28 12:00:00,1.7965416564941405
2024-05-28 12:05:00,1.7925284423828125
2024-05-28 12:10:00,1.790356414794922
2024-05-28 12:15:00,1.7898609008789061
2024-05-28 12:20:00,1.791300567626953
2024-05-28 12:25:00,1.78170068359375
2024-05-28 12:30:00,1.754
2024-05-28 12:35:00,1.709
2024-05-28 12:40:00,1.759
2024-05-28 12:45:00,1.744
2024-05-28 12:50:00,1.752
2024-05-28 12:55:00,1.792
2024-05-28 13:00:00,1.657
2024-05-28 13:05:00,1.569
2024-05-28 13:10:00,1.647
2024-05-28 13:15:00,1.78
2024-05-28 13:20:00,1.744
2024-05-28 13:25:00,1.722
2024-05-28 13:30:00,1.579
2024-05-28 13:35:00,1.711
2024-05-28 13:40:00,1.689
2024-05-28 13:45:00,1.687
2024-05-28 13:50:00,1.671
2024-05-28 13:55:00,1.662
2024-05-28 14:00:00,1.648
2024-05-28 14:05:00,1.637
2024-05-28 14:10:00,1.611
2024-05-28 14:15:00,1.597
2024-05-28 14:20:00,1.589
2024-05-28 14:25:00,1.575
2024-05-28 14:30:00,1.552
2024-05-28 14:35:00,1.53
2024-05-28 14:40:00,1.508
2024-05-28 14:45:00,1.488
2024-05-28 14:50:00,1.477
2024-05-28 14:55:00,1.461
2024-05-28 15:00:00,1.436
2024-05-28 15:05:00,1.413
2024-05-28 15:10:00,1.384
2024-05-28 15:15:00,1.372
2024-05-28 15:20:00,1.376
2024-05-28 15:25:00,1.353
2024-05-28 15:30:00,1.303
2024-05-28 15:35:00,1.285
2024-05-28 15:40:00,1.262
2024-05-28 15:45:00,1.23
2024-05-28 15:50:00,1.209
2024-05-28 15:55:00,1.179
2024-05-28 16:00:00,1.157
2024-05-28 16:05:00,1.132
2024-05-28 16:10:00,1.103
2024-05-28 16:15:00,1.077
2024-05-28 16:20:00,1.041
2024-05-28 16:25:00,1.008
2024-05-28 16:30:00,0.9687
2024-05-28 16:35:00,0.9344
2024-05-28 16:40:00,0.9025
2024-05-28 16:45:00,0.8625
2024-05-28 16:50:00,0.825
2024-05-28 16:55:00,0.7841
2024-05-28 17:00:00,0.7453
2024-05-28 17:05:00,0.7079
2024-05-28 17:10:00,0.6716
2024-05-28 17:15:00,0.624
2024-05-28 17:20:00,0.5265
2024-05-28 17:25:00,0.3921
2024-05-28 17:30:00,0.2893
2024-05-28 17:35:00,0.2725
2024-05-28 17:40:00,0.2527
2024-05-28 17:45:00,0.2332
2024-05-28 17:50:00,0.2176
2024-05-28 17:55:00,0.2013
2024-05-28 18:00:00,0.1869
2024-05-28 18:05:00,0.171
2024-05-28 18:10:00,0.15209999999999999
2024-05-28 18:15:00,0.1432
2024-05-28 18:20:00,0.12079999999999999
2024-05-28 18:25:00,0.104
2024-05-28 18:30:00,0.089
2024-05-28 18:35:00,0.07790000000000001
2024-05-28 18:40:00,0.0654
2024-05-28 18:45:00,0.0518
2024-05-28 18:50:00,0.0341
2024-05-28 18:55:00,0.026199999999999998
2024-05-28 19:00:00,0.0182
2024-05-28 19:05:00,0.0064
2024-05-28 19:10:00,0.0021000000000000003
2024-05-28 19:15:00,0.0076
2024-05-28 19:20:00,0.0125
2024-05-28 19:25:00,0.0161
2024-05-28 19:30:00,0.0
2024-05-28 19:35:00,0.0
2024-05-28 19:40:00,0.0
2024-05-28 19:45:00,0.0
2024-05-28 19:50:00,0.0
2024-05-28 19:55:00,0.0
2024-05-28 20:00:00,0.0
2024-05-28 20:05:00,0.0
2024-05-28 20:10:00,0.0
2024-05-28 20:15:00,0.0
2024-05-28 20:20:00,0.0
2024-05-28 20:25:00,0.0
2024-05-28 20:30:00,0.0
2024-05-28 20:35:00,0.0
2024-05-28 20:40:00,0.0
2024-05-28 20:45:00,0.0
2024-05-28 20:50:00,0.0
2024-05-28 20:55:00,0.0
2024-05-28 21:00:00,0.0
2024-05-28 21:05:00,0.0
2024-05-28 21:10:00,0.0
2024-05-28 21:15:00,0.0
2024-05-28 21:20:00,0.0
2024-05-28 21:25:00,0.0
2024-05-28 21:30:00,0.0
2024-05-28 21:35:00,0.0
2024-05-28 21:40:00,0.0
2024-05-28 21:45:00,0.0
2024-05-28 21:50:00,0.0
2024-05-28 21:55:00,0.0
2024-05-28 22:00:00,0.0
2024-05-28 22:05:00,0.0
2024-05-28 22:10:00,0.0
2024-05-28 22:15:00,0.0
2024-05-28 22:20:00,0.0
2024-05-28 22:25:00,0.0
2024-05-28 22:30:00,0.0
2024-05-28 22:35:00,0.0
2024-05-28 22:40:00,0.0
2024-05-28 22:45:00,0.0
2024-05-28 22:50:00,0.0
2024-05-28 22:55:00,0.0
2024-05-28 23:00:00,0.0
2024-05-28 23:05:00,0.0
2024-05-28 23:10:00,0.0
2024-05-28 23:15:00,0.0
2024-05-28 23:20:00,0.0
2024-05-28 23:25:00,0.0
2024-05-28 23:30:00,0.0
2024-05-28 23:35:00,0.0
2024-05-28 23:40:00,0.0
2024-05-28 23:45:00,0.0
2024-05-28 23:50:00,0.0
2024-05-28 23:55:00,0.0
2024-05-29 00:00:00,0.0
2024-05-29 00:05:00,0.0
2024-05-29 00:10:00,0.0
2024-05-29 00:15:00,0.0
2024-05-29 00:20:00,0.0
2024-05-29 00:25:00,0.0
2024-05-29 00:30:00,0.0
2024-05-29 00:35:00,0.0
2024-05-29 00:40:00,0.0
2024-05-29 00:45:00,0.0
2024-05-29 00:50:00,0.0
2024-05-29 00:55:00,0.0
2024-05-29 01:00:00,0.0
2024-05-29 01:05:00,0.0
2024-05-29 01:10:00,0.0
2024-05-29 01:15:00,0.0
2024-05-29 01:20:00,0.0
2024-05-29 01:25:00,0.0
2024-05-29 01:30:00,0.0
2024-05-29 01:35:00,0.0
2024-05-29 01:40:00,0.0
2024-05-29 01:45:00,0.0
2024-05-29 01:50:00,0.0
2024-05-29 01:55:00,0.0
2024-05-29 02:00:00,0.0
2024-05-29 02:05:00,0.0
2024-05-29 02:10:00,0.0
2024-05-29 02:15:00,0.0
2024-05-29 02:20:00,0.0
2024-05-29 02:25:00,0.0
2024-05-29 02:30:00,0.0
2024-05-29 02:35:00,0.0
2024-05-29 02:40:00,0.0
2024-05-29 02:45:00,0.0
2024-05-29 02:50:00,0.0
2024-05-29 02:55:00,0.0
2024-05-29 03:00:00,0.0
2024-05-29 03:05:00,0.0
2024-05-29 03:10:00,0.0
2024-05-29 03:15:00,0.0
2024-05-29 03:20:00,0.0
2024-05-29 03:25:00,0.0
2024-05-29 03:30:00,0.0
2024-05-29 03:35:00,0.0
2024-05-29 03:40:00,0.0
2024-05-29 03:45:00,0.0
2024-05-29 03:50:00,0.0
2024-05-29 03:55:00,0.0
2024-05-29 04:00:00,0.0
2024-05-29 04:05:00,0.0
2024-05-29 04:10:00,0.0
2024-05-29 04:15:00,0.0
2024-05-29 04:20:00,0.0
2024-05-29 04:25:00,0.0
2024-05-29 04:30:00,0.0
2024-05-29 04:35:00,0.0
2024-05-29 04:40:00,0.0
2024-05-29 04:45:00,0.0
2024-05-29 04:50:00,0.0
2024-05-29 04:55:00,0.0
2024-05-29 05:00:00,0.0
2024-05-29 05:05:00,0.0
2024-05-29 05:10:00,0.0
2024-05-29 05:15:00,0.0
2024-05-29 05:20:00,0.0
2024-05-29 05:25:00,0.0
2024-05-29 05:30:00,0.0006928821504116058
2024-05-29 05:35:00,0.0009239666759967804
2024-05-29 05:40:00,0.000946183741092682
2024-05-29 05:45:00,0.0010008822977542874
2024-05-29 05:50:00,0.0010940217971801757
2024-05-29 05:55:00,0.0011522149741649628
2024-05-29 06:00:00,0.0013219661712646485
2024-05-29 06:05:00,0.0019356029629707336
2024-05-29 06:10:00,0.002663904160261154
2024-05-29 06:15:00,0.003933434069156647
2024-05-29 06:20:00,0.005861001133918763
2024-05-29 06:25:00,0.007396663069725037
2024-05-29 06:30:00,0.010789712190628051
2024-05-29 06:35:00,0.02248213624954224
2024-05-29 06:40:00,0.0415582914352417
2024-05-29 06:45:00,0.04270983076095581
2024-05-29 06:50:00,0.06205605030059815
2024-05-29 06:55:00,0.1125860857963562
2024-05-29 07:00:00,0.11293875885009766
2024-05-29 07:05:00,0.10701926231384276
2024-05-29 07:10:00,0.14263294982910157
2024-05-29 07:15:00,0.16938778686523437
2024-05-29 07:20:00,0.18486886596679689
2024-05-29 07:25:00,0.2100868606567383
2024-05-29 07:30:00,0.24417699050903321
2024-05-29 07:35:00,0.2797169876098633
2024-05-29 07:40:00,0.327982307434082
2024-05-29 07:45:00,0.37273303985595696
2024-05-29 07:50:00,0.3986967544555664
2024-05-29 07:55:00,0.43120059204101563
2024-05-29 08:00:00,0.4710455169677734
2024-05-29 08:05:00,0.48940908813476564
2024-05-29 08:10:00,0.50611474609375
2024-05-29 08:15:00,0.5422438583374023
2024-05-29 08:20:00,0.5679708709716796
2024-05-29 08:25:00,0.6139721984863281
2024-05-29 08:30:00,0.6863542175292969
2024-05-29 08:35:00,0.7278742065429687
2024-05-29 08:40:00,0.7278009948730468
2024-05-29 08:45:00,0.7216370544433593
2024-05-29 08:50:00,0.7543643035888672
2024-05-29 08:55:00,0.8030964965820313
2024-05-29 09:00:00,0.8176833953857422
2024-05-29 09:05:00,0.8112903289794922
2024-05-29 09:10:00,0.8231724548339844
2024-05-29 09:15:00,0.8452939758300781
2024-05-29 09:20:00,0.8732789764404297
2024-05-29 09:25:00,0.8986873931884766
2024-05-29 09:30:00,0.8995562744140625
2024-05-29 09:35:00,0.8968295745849609
2024-05-29 09:40:00,0.8917183685302734
2024-05-29 09:45:00,0.8966442565917969
2024-05-29 09:50:00,0.9395513458251952
2024-05-29 09:55:00,1.0054116668701172
2024-05-29 10:00:00,1.1597026062011722
2024-05-29 10:05:00,1.3385662841796875
2024-05-29 10:10:00,1.3476256408691407
2024-05-29 10:15:00,1.355482177734375
2024-05-29 10:20:00,1.476935791015625
2024-05-29 10:25:00,1.59459130859375
2024-05-29 10:30:00,1.696897186279297
2024-05-29 10:35:00,1.74164599609375
2024-05-29 10:40:00,1.7479212646484374
2024-05-29 10:45:00,1.7744354248046874
2024-05-29 10:50:00,1.798963897705078
2024-05-29 10:55:00,1.8363301696777343
2024-05-29 11:00:00,1.8674081726074216
2024-05-29 11:05:00,1.8502258911132807
2024-05-29 11:10:00,1.8623101196289065
2024-05-29 11:15:00,1.9019253234863278
2024-05-29 11:20:00,1.8631341552734373
2024-05-29 11:25:00,1.802790313720703
2024-05-29 11:30:00,1.814220977783203
2024-05-29 11:35:00,1.7996975402832032
2024-05-29 11:40:00,1.731812530517578
2024-05-29 11:45:00,1.7087835998535157
2024-05-29 11:50:00,1.7239690246582031
2024-05-29 11:55:00,1.755637939453125
2024-05-29 12:00:00,1.7740624084472656
2024-05-29 12:05:00,1.7896066589355468
2024-05-29 12:10:00,1.8460862731933596
2024-05-29 12:15:00,1.8896782836914066
2024-05-29 12:20:00,1.901364105224609
2024-05-29 12:25:00,1.945471923828125
2024-05-29 12:30:00,2.053
2024-05-29 12:35:00,2.056
2024-05-29 12:40:00,2.055
2024-05-29 12:45:00,2.058
2024-05-29 12:50:00,2.066
2024-05-29 12:55:00,1.107
2024-05-29 13:00:00,2.058
2024-05-29 13:05:00,1.112
2024-05-29 13:10:00,2.067
2024-05-29 13:15:00,2.062
2024-05-29 13:20:00,2.048
2024-05-29 13:25:00,2.038
2024-05-29 13:30:00,2.028
2024-05-29 13:35:00,2.017
2024-05-29 13:40:00,2.007
2024-05-29 13:45:00,2.021
2024-05-29 13:50:00,2.013
2024-05-29 13:55:00,1.999
2024-05-29 14:00:00,1.996
2024-05-29 14:05:00,1.968
2024-05-29 14:10:00,1.96
2024-05-29 14:15:00,1.932
2024-05-29 14:20:00,1.924
2024-05-29 14:25:00,1.902
2024-05-29 14:30:00,1.885
2024-05-29 14:35:00,1.861
2024-05-29 14:40:00,1.826
2024-05-29 14:45:00,1.816
2024-05-29 14:50:00,1.798
2024-05-29 14:55:00,1.773
2024-05-29 15:00:00,1.744
2024-05-29 15:05:00,1.726
2024-05-29 15:10:00,1.711
2024-05-29 15:15:00,1.683
2024-05-29 15:20:00,1.658
2024-05-29 15:25:00,1.63
2024-05-29 15:30:00,1.599
2024-05-29 15:35:00,1.577
2024-05-29 15:40:00,1.551
2024-05-29 15:45:00,1.513
2024-05-29 15:50:00,1.472
2024-05-29 15:55:00,1.437
2024-05-29 16:00:00,1.399
2024-05-29 16:05:00,1.358
2024-05-29 16:10:00,1.322
2024-05-29 16:15:00,1.284
2024-05-29 16:20:00,1.241
2024-05-29 16:25:00,1.201
2024-05-29 16:30:00,1.161
2024-05-29 16:35:00,1.126
2024-05-29 16:40:00,1.085
2024-05-29 16:45:00,1.039
2024-05-29 16:50:00,0.9841
2024-05-29 16:55:00,0.9379
2024-05-29 17:00:00,0.8755
2024-05-29 17:05:00,0.8338
2024-05-29 17:10:00,0.7715
2024-05-29 17:15:00,0.7218
2024-05-29 17:20:00,0.68
2024-05-29 17:25:00,0.6425
2024-05-29 17:30:00,0.5426
2024-05-29 17:35:00,0.451
2024-05-29 17:40:00,0.4046
2024-05-29 17:45:00,0.3623
2024-05-29 17:50:00,0.31810000000000005
2024-05-29 17:55:00,0.2785
2024-05-29 18:00:00,0.2293
2024-05-29 18:05:00,0.1844
2024-05-29 18:10:00,0.15930000000000002
2024-05-29 18:15:00,0.1375
2024-05-29 18:20:00,0.11270000000000001
2024-05-29 18:25:00,0.0917
2024-05-29 18:30:00,0.0711
2024-05-29 18:35:00,0.054
2024-05-29 18:40:00,0.038799999999999994
2024-05-29 18:45:00,0.0224
2024-05-29 18:50:00,0.007
2024-05-29 18:55:00,0.0043
2024-05-29 19:00:00,0.011800000000000001
2024-05-29 19:05:00,0.0
2024-05-29 19:10:00,0.0
2024-05-29 19:15:00,0.0
2024-05-29 19:20:00,0.0
2024-05-29 19:25:00,0.0
2024-05-29 19:30:00,0.0
2024-05-29 19:35:00,0.0
2024-05-29 19:40:00,0.0
2024-05-29 19:45:00,0.0
2024-05-29 19:50:00,0.0
2024-05-29 19:55:00,0.0
2024-05-29 20:00:00,0.0
2024-05-29 20:05:00,0.0
2024-05-29 20:10:00,0.0
2024-05-29 20:15:00,0.0
2024-05-29 20:20:00,0.0
2024-05-29 20:25:00,0.0
2024-05-29 20:30:00,0.0
2024-05-29 20:35:00,0.0
2024-05-29 20:40:00,0.0
2024-05-29 20:45:00,0.0
2024-05-29 20:50:00,0.0
2024-05-29 20:55:00,0.0
2024-05-29 21:00:00,0.0
2024-05-29 21:05:00,0.0
2024-05-29 21:10:00,0.0
2024-05-29 21:15:00,0.0
2024-05-29 21:20:00,0.0
2024-05-29 21:25:00,0.0
2024-05-29 21:30:00,0.0
2024-05-29 21:35:00,0.0
2024-05-29 21:40:00,0.0
2024-05-29 21:45:00,0.0
2024-05-29 21:50:00,0.0
2024-05-29 21:55:00,0.0
2024-05-29 22:00:00,0.0
2024-05-29 22:05:00,0.0
2024-05-29 22:10:00,0.0
2024-05-29 22:15:00,0.0
2024-05-29 22:20:00,0.0
2024-05-29 22:25:00,0.0
2024-05-29 22:30:00,0.0
2024-05-29 22:35:00,0.0
2024-05-29 22:40:00,0.0
2024-05-29 22:45:00,0.0
2024-05-29 22:50:00,0.0
2024-05-29 22:55:00,0.0
2024-05-29 23:00:00,0.0
2024-05-29 23:05:00,0.0
2024-05-29 23:10:00,0.0
2024-05-29 23:15:00,0.0
2024-05-29 23:20:00,0.0
2024-05-29 23:25:00,0.0
2024-05-29 23:30:00,0.0
2024-05-29 23:35:00,0.0
2024-05-29 23:40:00,0.0
2024-05-29 23:45:00,0.0
2024-05-29 23:50:00,0.0
2024-05-29 23:55:00,0.0
2024-05-30 00:00:00,0.0
2024-05-30 00:05:00,0.0
2024-05-30 00:10:00,0.0
2024-05-30 00:15:00,0.0
2024-05-30 00:20:00,0.0
2024-05-30 00:25:00,0.0
2024-05-30 00:30:00,0.0
2024-05-30 00:35:00,0.0
2024-05-30 00:40:00,0.0
2024-05-30 00:45:00,0.0
2024-05-30 00:50:00,0.0
2024-05-30 00:55:00,0.0
2024-05-30 01:00:00,0.0
2024-05-30 01:05:00,0.0
2024-05-30 01:10:00,0.0
2024-05-30 01:15:00,0.0
2024-05-30 01:20:00,0.0
2024-05-30 01:25:00,0.0
2024-05-30 01:30:00,0.0
2024-05-30 01:35:00,0.0
2024-05-30 01:40:00,0.0
2024-05-30 01:45:00,0.0
2024-05-30 01:50:00,0.0
2024-05-30 01:55:00,0.0
2024-05-30 02:00:00,0.0
2024-05-30 02:05:00,0.0
2024-05-30 02:10:00,0.0
2024-05-30 02:15:00,0.0
2024-05-30 02:20:00,0.0
2024-05-30 02:25:00,0.0
2024-05-30 02:30:00,0.0
2024-05-30 02:35:00,0.0
2024-05-30 02:40:00,0.0
2024-05-30 02:45:00,0.0
2024-05-30 02:50:00,0.0
2024-05-30 02:55:00,0.0
2024-05-30 03:00:00,0.0
2024-05-30 03:05:00,0.0
2024-05-30 03:10:00,0.0
2024-05-30 03:15:00,0.0
2024-05-30 03:20:00,0.0
2024-05-30 03:25:00,0.0
2024-05-30 03:30:00,0.0
2024-05-30 03:35:00,0.0
2024-05-30 03:40:00,0.0
2024-05-30 03:45:00,0.0
2024-05-30 03:50:00,0.0
2024-05-30 03:55:00,0.0
2024-05-30 04:00:00,0.0
2024-05-30 04:05:00,0.0
2024-05-30 04:10:00,0.0
2024-05-30 04:15:00,0.0
2024-05-30 04:20:00,0.0
2024-05-30 04:25:00,0.0
2024-05-30 04:30:00,0.0
2024-05-30 04:35:00,0.0
2024-05-30 04:40:00,0.0
2024-05-30 04:45:00,0.0
2024-05-30 04:50:00,0.0
2024-05-30 04:55:00,0.0
2024-05-30 05:00:00,0.0
2024-05-30 05:05:00,0.0
2024-05-30 05:10:00,0.0
2024-05-30 05:15:00,0.0
2024-05-30 05:20:00,0.0
2024-05-30 05:25:00,0.0
2024-05-30 05:30:00,0.0011049614846706391
2024-05-30 05:35:00,0.0014610760807991028
2024-05-30 05:40:00,0.001468335449695587
2024-05-30 05:45:00,0.0015148798823356629
2024-05-30 05:50:00,0.0015620489418506623
2024-05-30 05:55:00,0.0016205797791481018
2024-05-30 06:00:00,0.001748176008462906
2024-05-30 06:05:00,0.0019262164533138276
2024-05-30 06:10:00,0.0021792310774326326
2024-05-30 06:15:00,0.002599565863609314
2024-05-30 06:20:00,0.003177665412425995
2024-05-30 06:25:00,0.004066466271877288
2024-05-30 06:30:00,0.005604947566986084
2024-05-30 06:35:00,0.0067779445648193356
2024-05-30 06:40:00,0.006522245645523071
2024-05-30 06:45:00,0.005918113589286804
2024-05-30 06:50:00,0.010654316663742064
2024-05-30 06:55:00,0.022568354964256288
2024-05-30 07:00:00,0.035729232788085936
2024-05-30 07:05:00,0.04840641593933105
2024-05-30 07:10:00,0.06018382453918457
2024-05-30 07:15:00,0.07077385330200195
2024-05-30 07:20:00,0.059054705500602725
2024-05-30 07:25:00,0.04841186881065369
2024-05-30 07:30:00,0.08288156402111053
2024-05-30 07:35:00,0.11630810546875
2024-05-30 07:40:00,0.12682772064208983
2024-05-30 07:45:00,0.13660687637329103
2024-05-30 07:50:00,0.14770862197875975
2024-05-30 07:55:00,0.17616644287109376
2024-05-30 08:00:00,0.20934214782714844
2024-05-30 08:05:00,0.2151463050842285
2024-05-30 08:10:00,0.2656038818359375
2024-05-30 08:15:00,0.3113619575500488
2024-05-30 08:20:00,0.27449205780029295
2024-05-30 08:25:00,0.2806775665283203
2024-05-30 08:30:00,0.31211698150634765
2024-05-30 08:35:00,0.3065549392700196
2024-05-30 08:40:00,0.3151243591308594
2024-05-30 08:45:00,0.35304611968994143
2024-05-30 08:50:00,0.36872679901123045
2024-05-30 08:55:00,0.3615741729736328
2024-05-30 09:00:00,0.36449828338623047
2024-05-30 09:05:00,0.3707625350952149
2024-05-30 09:10:00,0.3999710388183594
2024-05-30 09:15:00,0.4260892562866211
2024-05-30 09:20:00,0.44061688995361326
2024-05-30 09:25:00,0.48212810516357424
2024-05-30 09:30:00,0.511400260925293
2024-05-30 09:35:00,0.498929931640625
2024-05-30 09:40:00,0.5350898666381836
2024-05-30 09:45:00,0.6029716796875
2024-05-30 09:50:00,0.5884739990234376
2024-05-30 09:55:00,0.5530370635986328
2024-05-30 10:00:00,0.546466423034668
2024-05-30 10:05:00,0.5537042999267578
2024-05-30 10:10:00,0.6093442153930664
2024-05-30 10:15:00,0.6630158843994141
2024-05-30 10:20:00,0.6685039520263671
2024-05-30 10:25:00,0.6959211578369141
2024-05-30 10:30:00,1.0096939086914063
2024-05-30 10:35:00,1.508659423828125
2024-05-30 10:40:00,1.7159559936523439
2024-05-30 10:45:00,1.7266907043457032
2024-05-30 10:50:00,1.7984302673339845
2024-05-30 10:55:00,1.679003387451172
2024-05-30 11:00:00,1.3802190856933594
2024-05-30 11:05:00,1.428660369873047
2024-05-30 11:10:00,1.7013956909179688
2024-05-30 11:15:00,1.6726267395019532
2024-05-30 11:20:00,1.5355375061035157
2024-05-30 11:25:00,1.6692765197753907
2024-05-30 11:30:00,1.5843803100585938
2024-05-30 11:35:00,1.3310782165527344
2024-05-30 11:40:00,1.2743253021240235
2024-05-30 11:45:00,1.1911580200195313
2024-05-30 11:50:00,1.1405268402099609
2024-05-30 11:55:00,0.8532582473754883
2024-05-30 12:00:00,0.5158211746215821
2024-05-30 12:05:00,0.4686346664428711
2024-05-30 12:10:00,0.5021691818237305
2024-05-30 12:15:00,0.5809547119140624
2024-05-30 12:20:00,0.6562658996582031
2024-05-30 12:25:00,0.6222339660644531
2024-05-30 12:30:00,0.44730000000000003
2024-05-30 12:35:00,0.4771
2024-05-30 12:40:00,0.5529
2024-05-30 12:45:00,0.42169999999999996
2024-05-30 12:50:00,0.4783
2024-05-30 12:55:00,0.5809
2024-05-30 13:00:00,0.5084
2024-05-30 13:05:00,0.5161
2024-05-30 13:10:00,0.3456
2024-05-30 13:15:00,0.4889
2024-05-30 13:20:00,0.6069
2024-05-30 13:25:00,0.5632999999999999
2024-05-30 13:30:00,0.49910000000000004
2024-05-30 13:35:00,0.482
2024-05-30 13:40:00,0.6892999999999999
2024-05-30 13:45:00,0.7597999999999999
2024-05-30 13:50:00,0.6656
2024-05-30 13:55:00,0.5947
2024-05-30 14:00:00,0.7419
2024-05-30 14:05:00,0.7767999999999999
2024-05-30 14:10:00,0.6982999999999999
2024-05-30 14:15:00,0.7352000000000001
2024-05-30 14:20:00,0.8491000000000001
2024-05-30 14:25:00,0.8846
2024-05-30 14:30:00,0.7571
2024-05-30 14:35:00,0.6636
2024-05-30 14:40:00,0.5268999999999999
2024-05-30 14:45:00,0.5364
2024-05-30 14:50:00,0.5562
2024-05-30 14:55:00,0.5942000000000001
2024-05-30 15:00:00,0.6655
2024-05-30 15:05:00,0.5908
2024-05-30 15:10:00,0.6846
2024-05-30 15:15:00,0.5049
2024-05-30 15:20:00,0.5661
2024-05-30 15:25:00,1.104
2024-05-30 15:30:00,0.4628
2024-05-30 15:35:00,0.3996
2024-05-30 15:40:00,0.2958
2024-05-30 15:45:00,0.404
2024-05-30 15:50:00,0.4084
2024-05-30 15:55:00,0.4244
2024-05-30 16:00:00,0.3775
2024-05-30 16:05:00,0.526
2024-05-30 16:10:00,0.33089999999999997
2024-05-30 16:15:00,0.4606
2024-05-30 16:20:00,0.5363
2024-05-30 16:25:00,0.4564
2024-05-30 16:30:00,0.6267999999999999
2024-05-30 16:35:00,0.4064
2024-05-30 16:40:00,0.43089999999999995
2024-05-30 16:45:00,0.3456
2024-05-30 16:50:00,0.2396
2024-05-30 16:55:00,0.2537
2024-05-30 17:00:00,0.18969999999999998
2024-05-30 17:05:00,0.1717
2024-05-30 17:10:00,0.2011
2024-05-30 17:15:00,0.1767
2024-05-30 17:20:00,0.152
2024-05-30 17:25:00,0.15309999999999999
2024-05-30 17:30:00,0.1206
2024-05-30 17:35:00,0.1152
2024-05-30 17:40:00,0.1085
2024-05-30 17:45:00,0.0979
2024-05-30 17:50:00,0.0889
2024-05-30 17:55:00,0.0876
2024-05-30 18:00:00,0.07390000000000001
2024-05-30 18:05:00,0.0424
2024-05-30 18:10:00,0.032600000000000004
2024-05-30 18:15:00,0.022
2024-05-30 18:20:00,0.0175
2024-05-30 18:25:00,0.0078
2024-05-30 18:30:00,0.003
2024-05-30 18:35:00,0.001
2024-05-30 18:40:00,0.0060999999999999995
2024-05-30 18:45:00,0.0095
2024-05-30 18:50:00,0.0126
2024-05-30 18:55:00,0.0158
2024-05-30 19:00:00,0.0175
2024-05-30 19:05:00,0.0
2024-05-30 19:10:00,0.0
2024-05-30 19:15:00,0.0
2024-05-30 19:20:00,0.0
2024-05-30 19:25:00,0.0
2024-05-30 19:30:00,0.0
2024-05-30 19:35:00,0.0
2024-05-30 19:40:00,0.0
2024-05-30 19:45:00,0.0
2024-05-30 19:50:00,0.0
2024-05-30 19:55:00,0.0
2024-05-30 20:00:00,0.0
2024-05-30 20:05:00,0.0
2024-05-30 20:10:00,0.0
2024-05-30 20:15:00,0.0
2024-05-30 20:20:00,0.0
2024-05-30 20:25:00,0.0
2024-05-30 20:30:00,0.0
2024-05-30 20:35:00,0.0
2024-05-30 20:40:00,0.0
2024-05-30 20:45:00,0.0
2024-05-30 20:50:00,0.0
2024-05-30 20:55:00,0.0
2024-05-30 21:00:00,0.0
2024-05-30 21:05:00,0.0
2024-05-30 21:10:00,0.0
2024-05-30 21:15:00,0.0
2024-05-30 21:20:00,0.0
2024-05-30 21:25:00,0.0
2024-05-30 21:30:00,0.0
2024-05-30 21:35:00,0.0
2024-05-30 21:40:00,0.0
2024-05-30 21:45:00,0.0
2024-05-30 21:50:00,0.0
2024-05-30 21:55:00,0.0
2024-05-30 22:00:00,0.0
2024-05-30 22:05:00,0.0
2024-05-30 22:10:00,0.0
2024-05-30 22:15:00,0.0
2024-05-30 22:20:00,0.0
2024-05-30 22:25:00,0.0
2024-05-30 22:30:00,0.0
2024-05-30 22:35:00,0.0
2024-05-30 22:40:00,0.0
2024-05-30 22:45:00,0.0
2024-05-30 22:50:00,0.0
2024-05-30 22:55:00,0.0
2024-05-30 23:00:00,0.0
2024-05-30 23:05:00,0.0
2024-05-30 23:10:00,0.0
2024-05-30 23:15:00,0.0
2024-05-30 23:20:00,0.0
2024-05-30 23:25:00,0.0
2024-05-30 23:30:00,0.0
2024-05-30 23:35:00,0.0
2024-05-30 23:40:00,0.0
2024-05-30 23:45:00,0.0
2024-05-30 23:50:00,0.0
2024-05-30 23:55:00,0.0
2024-05-31 00:00:00,0.0
2024-05-31 00:05:00,0.0
2024-05-31 00:10:00,0.0
2024-05-31 00:15:00,0.0
2024-05-31 00:20:00,0.0
2024-05-31 00:25:00,0.0
2024-05-31 00:30:00,0.0
2024-05-31 00:35:00,0.0
2024-05-31 00:40:00,0.0
2024-05-31 00:45:00,0.0
2024-05-31 00:50:00,0.0
2024-05-31 00:55:00,0.0
2024-05-31 01:00:00,0.0
2024-05-31 01:05:00,0.0
2024-05-31 01:10:00,0.0
2024-05-31 01:15:00,0.0
2024-05-31 01:20:00,0.0
2024-05-31 01:25:00,0.0
2024-05-31 01:30:00,0.0
2024-05-31 01:35:00,0.0
2024-05-31 01:40:00,0.0
2024-05-31 01:45:00,0.0
2024-05-31 01:50:00,0.0
2024-05-31 01:55:00,0.0
2024-05-31 02:00:00,0.0
2024-05-31 02:05:00,0.0
2024-05-31 02:10:00,0.0
2024-05-31 02:15:00,0.0
2024-05-31 02:20:00,0.0
2024-05-31 02:25:00,0.0
2024-05-31 02:30:00,0.0
2024-05-31 02:35:00,0.0
2024-05-31 02:40:00,0.0
2024-05-31 02:45:00,0.0
2024-05-31 02:50:00,0.0
2024-05-31 02:55:00,0.0
2024-05-31 03:00:00,0.0
2024-05-31 03:05:00,0.0
2024-05-31 03:10:00,0.0
2024-05-31 03:15:00,0.0
2024-05-31 03:20:00,0.0
2024-05-31 03:25:00,0.0
2024-05-31 03:30:00,0.0
2024-05-31 03:35:00,0.0
2024-05-31 03:40:00,0.0
2024-05-31 03:45:00,0.0
2024-05-31 03:50:00,0.0
2024-05-31 03:55:00,0.0
2024-05-31 04:00:00,0.0
2024-05-31 04:05:00,0.0
2024-05-31 04:10:00,0.0
2024-05-31 04:15:00,0.0
2024-05-31 04:20:00,0.0
2024-05-31 04:25:00,0.0
2024-05-31 04:30:00,0.0
2024-05-31 04:35:00,0.0
2024-05-31 04:40:00,0.0
2024-05-31 04:45:00,0.0
2024-05-31 04:50:00,0.0
2024-05-31 04:55:00,0.0
2024-05-31 05:00:00,0.0
2024-05-31 05:05:00,0.0
2024-05-31 05:10:00,0.0
2024-05-31 05:15:00,0.0
2024-05-31 05:20:00,0.0
2024-05-31 05:25:00,0.0
2024-05-31 05:30:00,0.0008882944583892822
2024-05-31 05:35:00,0.0011929687857627868
2024-05-31 05:40:00,0.001203925371170044
2024-05-31 05:45:00,0.001247464746236801
2024-05-31 05:50:00,0.0013586513698101044
2024-05-31 05:55:00,0.001541570782661438
2024-05-31 06:00:00,0.001832266598939896
2024-05-31 06:05:00,0.0023423812687397003
2024-05-31 06:10:00,0.0038843910098075862
2024-05-31 06:15:00,0.00576453572511673
2024-05-31 06:20:00,0.005995181202888489
2024-05-31 06:25:00,0.008255767703056336
2024-05-31 06:30:00,0.013185694456100464
2024-05-31 06:35:00,0.020105787754058843
2024-05-31 06:40:00,0.03709478807449341
2024-05-31 06:45:00,0.05156718254089356
2024-05-31 06:50:00,0.06467486572265625
2024-05-31 06:55:00,0.0976843147277832
2024-05-31 07:00:00,0.11698723220825195
2024-05-31 07:05:00,0.10400832748413086
2024-05-31 07:10:00,0.10379746627807616
2024-05-31 07:15:00,0.13561009216308595
2024-05-31 07:20:00,0.16790702438354493
2024-05-31 07:25:00,0.17702634048461913
2024-05-31 07:30:00,0.17827361679077147
2024-05-31 07:35:00,0.1935442695617676
2024-05-31 07:40:00,0.21282868576049804
2024-05-31 07:45:00,0.2143952789306641
2024-05-31 07:50:00,0.213276611328125
2024-05-31 07:55:00,0.2279452781677246
2024-05-31 08:00:00,0.2535992050170898
2024-05-31 08:05:00,0.28648114013671877
2024-05-31 08:10:00,0.33751798248291015
2024-05-31 08:15:00,0.3657411880493164
2024-05-31 08:20:00,0.34832020568847655
2024-05-31 08:25:00,0.37597257232666015
2024-05-31 08:30:00,0.43043927764892576
2024-05-31 08:35:00,0.42895118713378905
2024-05-31 08:40:00,0.40767176818847656
2024-05-31 08:45:00,0.40729077911376954
2024-05-31 08:50:00,0.40046973419189447
2024-05-31 08:55:00,0.4077366485595703
2024-05-31 09:00:00,0.440002326965332
2024-05-31 09:05:00,0.4357330551147461
2024-05-31 09:10:00,0.4886155395507813
2024-05-31 09:15:00,0.5582974014282227
2024-05-31 09:20:00,0.4941119842529297
2024-05-31 09:25:00,0.4302570343017578
2024-05-31 09:30:00,0.45295541381835935
2024-05-31 09:35:00,0.5133629760742188
2024-05-31 09:40:00,0.5234751510620117
2024-05-31 09:45:00,0.45460677337646477
2024-05-31 09:50:00,0.40120643615722656
2024-05-31 09:55:00,0.3977062225341797
2024-05-31 10:00:00,0.41682206726074217
2024-05-31 10:05:00,0.4228095474243164
2024-05-31 10:10:00,0.4095880432128906
2024-05-31 10:15:00,0.4052602691650391
2024-05-31 10:20:00,0.42691500854492187
2024-05-31 10:25:00,0.45750537872314445
2024-05-31 10:30:00,0.45402887725830077
2024-05-31 10:35:00,0.4101230239868164
2024-05-31 10:40:00,0.3793495635986328
2024-05-31 10:45:00,0.382231819152832
2024-05-31 10:50:00,0.3952418746948242
2024-05-31 10:55:00,0.3829466094970703
2024-05-31 11:00:00,0.3649136962890625
2024-05-31 11:05:00,0.3888214874267578
2024-05-31 11:10:00,0.408574348449707
2024-05-31 11:15:00,0.4214505004882813
2024-05-31 11:20:00,0.42494934844970705
2024-05-31 11:25:00,0.37500769805908196
2024-05-31 11:30:00,0.3384102478027344
2024-05-31 11:35:00,0.36493509674072266
2024-05-31 11:40:00,0.43008782958984376
2024-05-31 11:45:00,0.47446542358398436
2024-05-31 11:50:00,0.45478785705566405
2024-05-31 11:55:00,0.45883045196533195
2024-05-31 12:00:00,0.501630630493164
2024-05-31 12:05:00,0.5026603546142578
2024-05-31 12:10:00,0.5132316207885742
2024-05-31 12:15:00,0.5386924743652344
2024-05-31 12:20:00,0.4988436050415039
2024-05-31 12:25:00,0.4483201171875
2024-05-31 12:30:00,0.4998
2024-05-31 12:35:00,0.4869
2024-05-31 12:40:00,0.38110000000000005
2024-05-31 12:45:00,0.4657
2024-05-31 12:50:00,0.5131
2024-05-31 12:55:00,0.4138
2024-05-31 13:00:00,0.5342
2024-05-31 13:05:00,0.6013
2024-05-31 13:10:00,0.5113
2024-05-31 13:15:00,0.642
2024-05-31 13:20:00,0.623
2024-05-31 13:25:00,0.5855
2024-05-31 13:30:00,0.6322000000000001
2024-05-31 13:35:00,0.5231
2024-05-31 13:40:00,0.5671
2024-05-31 13:45:00,0.5302
2024-05-31 13:50:00,0.5792999999999999
2024-05-31 13:55:00,0.5065
2024-05-31 14:00:00,0.5665
2024-05-31 14:05:00,0.4908
2024-05-31 14:10:00,0.44160000000000005
2024-05-31 14:15:00,0.4722
2024-05-31 14:20:00,0.4325
2024-05-31 14:25:00,0.4715
2024-05-31 14:30:00,0.43239999999999995
2024-05-31 14:35:00,0.391
2024-05-31 14:40:00,0.5912000000000001
2024-05-31 14:45:00,0.5622999999999999
2024-05-31 14:50:00,0.4343
2024-05-31 14:55:00,0.3972
2024-05-31 15:00:00,0.3098
2024-05-31 15:05:00,0.3807
2024-05-31 15:10:00,0.4455
2024-05-31 15:15:00,0.4753
2024-05-31 15:20:00,0.48619999999999997
2024-05-31 15:25:00,0.5142
2024-05-31 15:30:00,0.44139999999999996
2024-05-31 15:35:00,0.3975
2024-05-31 15:40:00,0.4064
2024-05-31 15:45:00,0.3931
2024-05-31 15:50:00,0.4104
2024-05-31 15:55:00,0.49010000000000004
2024-05-31 16:00:00,0.42410000000000003
2024-05-31 16:05:00,0.444
2024-05-31 16:10:00,0.5277000000000001
2024-05-31 16:15:00,0.3374
2024-05-31 16:20:00,0.3594
2024-05-31 16:25:00,0.39380000000000004
2024-05-31 16:30:00,0.4072
2024-05-31 16:35:00,0.44089999999999996
2024-05-31 16:40:00,0.3326
2024-05-31 16:45:00,0.492
2024-05-31 16:50:00,0.569
2024-05-31 16:55:00,0.4575
2024-05-31 17:00:00,0.3445
2024-05-31 17:05:00,0.2538
2024-05-31 17:10:00,0.3068
2024-05-31 17:15:00,0.30639999999999995
2024-05-31 17:20:00,0.186
2024-05-31 17:25:00,0.2843
2024-05-31 17:30:00,0.3775
2024-05-31 17:35:00,0.24819999999999998
2024-05-31 17:40:00,0.1973
2024-05-31 17:45:00,0.1369
2024-05-31 17:50:00,0.1237
2024-05-31 17:55:00,0.1507
2024-05-31 18:00:00,0.07
2024-05-31 18:05:00,0.0626
2024-05-31 18:10:00,0.0701
2024-05-31 18:15:00,0.0475
2024-05-31 18:20:00,0.045700000000000005
2024-05-31 18:25:00,0.0557
2024-05-31 18:30:00,0.0453
2024-05-31 18:35:00,0.0265
2024-05-31 18:40:00,0.0021000000000000003
2024-05-31 18:45:00,0.0095
2024-05-31 18:50:00,0.012
2024-05-31 18:55:00,0.0146
2024-05-31 19:00:00,0.018
2024-05-31 19:05:00,0.0
2024-05-31 19:10:00,0.0
2024-05-31 19:15:00,0.0
2024-05-31 19:20:00,0.0
2024-05-31 19:25:00,0.0
2024-05-31 19:30:00,0.0
2024-05-31 19:35:00,0.0
2024-05-31 19:40:00,0.0
2024-05-31 19:45:00,0.0
2024-05-31 19:50:00,0.0
2024-05-31 19:55:00,0.0
2024-05-31 20:00:00,0.0
2024-05-31 20:05:00,0.0
2024-05-31 20:10:00,0.0
2024-05-31 20:15:00,0.0
2024-05-31 20:20:00,0.0
2024-05-31 20:25:00,0.0
2024-05-31 20:30:00,0.0
2024-05-31 20:35:00,0.0
2024-05-31 20:40:00,0.0
2024-05-31 20:45:00,0.0
2024-05-31 20:50:00,0.0
2024-05-31 20:55:00,0.0
2024-05-31 21:00:00,0.0
2024-05-31 21:05:00,0.0
2024-05-31 21:10:00,0.0
2024-05-31 21:15:00,0.0
2024-05-31 21:20:00,0.0
2024-05-31 21:25:00,0.0
2024-05-31 21:30:00,0.0
2024-05-31 21:35:00,0.0
2024-05-31 21:40:00,0.0
2024-05-31 21:45:00,0.0
2024-05-31 21:50:00,0.0
2024-05-31 21:55:00,0.0
2024-05-31 22:00:00,0.0
2024-05-31 22:05:00,0.0
2024-05-31 22:10:00,0.0
2024-05-31 22:15:00,0.0
2024-05-31 22:20:00,0.0
2024-05-31 22:25:00,0.0
2024-05-31 22:30:00,0.0
2024-05-31 22:35:00,0.0
2024-05-31 22:40:00,0.0
2024-05-31 22:45:00,0.0
2024-05-31 22:50:00,0.0
2024-05-31 22:55:00,0.0
2024-05-31 23:00:00,0.0
2024-05-31 23:05:00,0.0
2024-05-31 23:10:00,0.0
2024-05-31 23:15:00,0.0
2024-05-31 23:20:00,0.0
2024-05-31 23:25:00,0.0
2024-05-31 23:30:00,0.0
2024-05-31 23:35:00,0.0
2024-05-31 23:40:00,0.0
2024-05-31 23:45:00,0.0
2024-05-31 23:50:00,0.0
2024-05-31 23:55:00,0.0
2024-06-01 00:00:00,0.0
2024-06-01 00:05:00,0.0
2024-06-01 00:10:00,0.0
2024-06-01 00:15:00,0.0
2024-06-01 00:20:00,0.0
2024-06-01 00:25:00,0.0
2024-06-01 00:30:00,0.0
2024-06-01 00:35:00,0.0
2024-06-01 00:40:00,0.0
2024-06-01 00:45:00,0.0
2024-06-01 00:50:00,0.0
2024-06-01 00:55:00,0.0
2024-06-01 01:00:00,0.0
2024-06-01 01:05:00,0.0
2024-06-01 01:10:00,0.0
2024-06-01 01:15:00,0.0
2024-06-01 01:20:00,0.0
2024-06-01 01:25:00,0.0
2024-06-01 01:30:00,0.0
2024-06-01 01:35:00,0.0
2024-06-01 01:40:00,0.0
2024-06-01 01:45:00,0.0
2024-06-01 01:50:00,0.0
2024-06-01 01:55:00,0.0
2024-06-01 02:00:00,0.0
2024-06-01 02:05:00,0.0
2024-06-01 02:10:00,0.0
2024-06-01 02:15:00,0.0
2024-06-01 02:20:00,0.0
2024-06-01 02:25:00,0.0
2024-06-01 02:30:00,0.0
2024-06-01 02:35:00,0.0
2024-06-01 02:40:00,0.0
2024-06-01 02:45:00,0.0
2024-06-01 02:50:00,0.0
2024-06-01 02:55:00,0.0
2024-06-01 03:00:00,0.0
2024-06-01 03:05:00,0.0
2024-06-01 03:10:00,0.0
2024-06-01 03:15:00,0.0
2024-06-01 03:20:00,0.0
2024-06-01 03:25:00,0.0
2024-06-01 03:30:00,0.0
2024-06-01 03:35:00,0.0
2024-06-01 03:40:00,0.0
2024-06-01 03:45:00,0.0
2024-06-01 03:50:00,0.0
2024-06-01 03:55:00,0.0
2024-06-01 04:00:00,0.0
2024-06-01 04:05:00,0.0
2024-06-01 04:10:00,0.0
2024-06-01 04:15:00,0.0
2024-06-01 04:20:00,0.0
2024-06-01 04:25:00,0.0
2024-06-01 04:30:00,0.0
2024-06-01 04:35:00,0.0
2024-06-01 04:40:00,0.0
2024-06-01 04:45:00,0.0
2024-06-01 04:50:00,0.0
2024-06-01 04:55:00,0.0
2024-06-01 05:00:00,0.0
2024-06-01 05:05:00,0.0
2024-06-01 05:10:00,0.0
2024-06-01 05:15:00,0.0
2024-06-01 05:20:00,0.0
2024-06-01 05:25:00,0.0
2024-06-01 05:30:00,0.0008095217645168305
2024-06-01 05:35:00,0.0010906959772109984
2024-06-01 05:40:00,0.0011161375641822815
2024-06-01 05:45:00,0.0011667506098747252
2024-06-01 05:50:00,0.0012438687980175019
2024-06-01 05:55:00,0.001355072319507599
2024-06-01 06:00:00,0.0015367931127548218
2024-06-01 06:05:00,0.0018101339340209962
2024-06-01 06:10:00,0.0023780028223991394
2024-06-01 06:15:00,0.0033404441475868227
2024-06-01 06:20:00,0.0040598145127296445
2024-06-01 06:25:00,0.004446773052215576
2024-06-01 06:30:00,0.004591386675834656
2024-06-01 06:35:00,0.005216638565063477
2024-06-01 06:40:00,0.007151768922805786
2024-06-01 06:45:00,0.00855715036392212
2024-06-01 06:50:00,0.00990734362602234
2024-06-01 06:55:00,0.01313124942779541
2024-06-01 07:00:00,0.027455366134643555
2024-06-01 07:05:00,0.043183699607849124
2024-06-01 07:10:00,0.04841445159912108
2024-06-01 07:15:00,0.07184292364120483
2024-06-01 07:20:00,0.09488202285766602
2024-06-01 07:25:00,0.09771312904357911
2024-06-01 07:30:00,0.10820505523681641
2024-06-01 07:35:00,0.1212507266998291
2024-06-01 07:40:00,0.1362500820159912
2024-06-01 07:45:00,0.1536014289855957
2024-06-01 07:50:00,0.15840443801879883
2024-06-01 07:55:00,0.18136641693115238
2024-06-01 08:00:00,0.25900973510742187
2024-06-01 08:05:00,0.32696310424804687
2024-06-01 08:10:00,0.4806835632324219
2024-06-01 08:15:00,0.6811787643432617
2024-06-01 08:20:00,0.6862161407470703
2024-06-01 08:25:00,0.7170215148925781
2024-06-01 08:30:00,0.7876747131347657
2024-06-01 08:35:00,0.7750856018066407
2024-06-01 08:40:00,0.8839130096435547
2024-06-01 08:45:00,1.0215924377441405
2024-06-01 08:50:00,1.086215087890625
2024-06-01 08:55:00,1.1639555358886722
2024-06-01 09:00:00,1.2234449157714844
2024-06-01 09:05:00,1.2446686706542969
2024-06-01 09:10:00,1.2605435485839844
2024-06-01 09:15:00,1.2712117919921875
2024-06-01 09:20:00,1.2785232543945313
2024-06-01 09:25:00,1.2688071899414062
2024-06-01 09:30:00,1.2493229064941407
2024-06-01 09:35:00,1.2547184448242188
2024-06-01 09:40:00,1.2513659362792968
2024-06-01 09:45:00,1.2037127075195313
2024-06-01 09:50:00,1.2127980651855468
2024-06-01 09:55:00,1.2784917297363279
2024-06-01 10:00:00,1.3044036560058594
2024-06-01 10:05:00,1.3132741394042968
2024-06-01 10:10:00,1.2687892761230468
2024-06-01 10:15:00,1.2682337036132814
2024-06-01 10:20:00,1.3194966430664063
2024-06-01 10:25:00,1.020750190734863
2024-06-01 10:30:00,0.4800664749145508
2024-06-01 10:35:00,0.225642822265625
2024-06-01 10:40:00,0.18745065307617187
2024-06-01 10:45:00,0.16389483642578126
2024-06-01 10:50:00,0.19905491638183598
2024-06-01 10:55:00,0.26583746337890624
2024-06-01 11:00:00,0.30360625457763674
2024-06-01 11:05:00,0.2913439521789551
2024-06-01 11:10:00,0.23511330032348635
2024-06-01 11:15:00,0.17157817840576173
2024-06-01 11:20:00,0.15995914077758788
2024-06-01 11:25:00,0.18682796478271485
2024-06-01 11:30:00,0.20287456512451169
2024-06-01 11:35:00,0.19836703491210936
2024-06-01 11:40:00,0.1747123222351074
2024-06-01 11:45:00,0.14549564361572265
2024-06-01 11:50:00,0.13923875427246094
2024-06-01 11:55:00,0.1490650291442871
2024-06-01 12:00:00,0.1578014488220215
2024-06-01 12:05:00,0.16666462326049805
2024-06-01 12:10:00,0.16512038803100587
2024-06-01 12:15:00,0.16469202041625977
2024-06-01 12:20:00,0.17956413650512695
2024-06-01 12:25:00,0.21197778625488284
2024-06-01 12:30:00,0.26080000000000003
2024-06-01 12:35:00,0.21530000000000002
2024-06-01 12:40:00,0.30960000000000004
2024-06-01 12:45:00,0.3128
2024-06-01 12:50:00,0.30310000000000004
2024-06-01 12:55:00,0.3659
2024-06-01 13:00:00,0.4656
2024-06-01 13:05:00,0.6937000000000001
2024-06-01 13:10:00,0.8298
2024-06-01 13:15:00,0.9193
2024-06-01 13:20:00,0.6698999999999999
2024-06-01 13:25:00,0.9601000000000001
2024-06-01 13:30:00,1.033
2024-06-01 13:35:00,1.503
2024-06-01 13:40:00,1.734
2024-06-01 13:45:00,1.551
2024-06-01 13:50:00,1.927
2024-06-01 13:55:00,1.743
2024-06-01 14:00:00,1.431
2024-06-01 14:05:00,1.191
2024-06-01 14:10:00,1.083
2024-06-01 14:15:00,0.6578999999999999
2024-06-01 14:20:00,0.9056000000000001
2024-06-01 14:25:00,0.7032999999999999
2024-06-01 14:30:00,0.789
2024-06-01 14:35:00,1.412
2024-06-01 14:40:00,0.9967999999999999
2024-06-01 14:45:00,0.9218999999999999
2024-06-01 14:50:00,0.6187
2024-06-01 14:55:00,0.6279
2024-06-01 15:00:00,0.6397
2024-06-01 15:05:00,1.15
2024-06-01 15:10:00,1.996
2024-06-01 15:15:00,1.803
2024-06-01 15:20:00,1.902
2024-06-01 15:25:00,1.457
2024-06-01 15:30:00,1.297
2024-06-01 15:35:00,1.607
2024-06-01 15:40:00,1.243
2024-06-01 15:45:00,1.409
2024-06-01 15:50:00,1.337
2024-06-01 15:55:00,1.314
2024-06-01 16:00:00,1.276
2024-06-01 16:05:00,1.228
2024-06-01 16:10:00,0.9401
2024-06-01 16:15:00,0.6377
2024-06-01 16:20:00,0.48569999999999997
2024-06-01 16:25:00,0.4735
2024-06-01 16:30:00,0.3098
2024-06-01 16:35:00,0.32330000000000003
2024-06-01 16:40:00,0.271
2024-06-01 16:45:00,0.267
2024-06-01 16:50:00,0.2268
2024-06-01 16:55:00,0.2576
2024-06-01 17:00:00,0.0653
2024-06-01 17:05:00,0.0297
2024-06-01 17:10:00,0.0223
2024-06-01 17:15:00,0.0099
2024-06-01 17:20:00,0.0038
2024-06-01 17:25:00,0.0016
2024-06-01 17:30:00,0.0024
2024-06-01 17:35:00,0.0034
2024-06-01 17:40:00,0.0015
2024-06-01 17:45:00,0.0063
2024-06-01 17:50:00,0.0067
2024-06-01 17:55:00,0.0012
2024-06-01 18:00:00,0.0029
2024-06-01 18:05:00,0.0044
2024-06-01 18:10:00,0.004900000000000001
2024-06-01 18:15:00,0.0035
2024-06-01 18:20:00,0.0063
2024-06-01 18:25:00,0.011800000000000001
2024-06-01 18:30:00,0.0156
2024-06-01 18:35:00,0.0178
2024-06-01 18:40:00,0.0
2024-06-01 18:45:00,0.0
2024-06-01 18:50:00,0.0
2024-06-01 18:55:00,0.0
2024-06-01 19:00:00,0.0
2024-06-01 19:05:00,0.0
2024-06-01 19:10:00,0.0
2024-06-01 19:15:00,0.0
2024-06-01 19:20:00,0.0
2024-06-01 19:25:00,0.0
2024-06-01 19:30:00,0.0
2024-06-01 19:35:00,0.0
2024-06-01 19:40:00,0.0
2024-06-01 19:45:00,0.0
2024-06-01 19:50:00,0.0
2024-06-01 19:55:00,0.0
2024-06-01 20:00:00,0.0
2024-06-01 20:05:00,0.0
2024-06-01 20:10:00,0.0
2024-06-01 20:15:00,0.0
2024-06-01 20:20:00,0.0
2024-06-01 20:25:00,0.0
2024-06-01 20:30:00,0.0
2024-06-01 20:35:00,0.0
2024-06-01 20:40:00,0.0
2024-06-01 20:45:00,0.0
2024-06-01 20:50:00,0.0
2024-06-01 20:55:00,0.0
2024-06-01 21:00:00,0.0
2024-06-01 21:05:00,0.0
2024-06-01 21:10:00,0.0
2024-06-01 21:15:00,0.0
2024-06-01 21:20:00,0.0
2024-06-01 21:25:00,0.0
2024-06-01 21:30:00,0.0
2024-06-01 21:35:00,0.0
2024-06-01 21:40:00,0.0
2024-06-01 21:45:00,0.0
2024-06-01 21:50:00,0.0
2024-06-01 21:55:00,0.0
2024-06-01 22:00:00,0.0
2024-06-01 22:05:00,0.0
2024-06-01 22:10:00,0.0
2024-06-01 22:15:00,0.0
2024-06-01 22:20:00,0.0
2024-06-01 22:25:00,0.0
2024-06-01 22:30:00,0.0
2024-06-01 22:35:00,0.0
2024-06-01 22:40:00,0.0
2024-06-01 22:45:00,0.0
2024-06-01 22:50:00,0.0
2024-06-01 22:55:00,0.0
2024-06-01 23:00:00,0.0
2024-06-01 23:05:00,0.0
2024-06-01 23:10:00,0.0
2024-06-01 23:15:00,0.0
2024-06-01 23:20:00,0.0
2024-06-01 23:25:00,0.0
2024-06-01 23:30:00,0.0
2024-06-01 23:35:00,0.0
2024-06-01 23:40:00,0.0
2024-06-01 23:45:00,0.0
2024-06-01 23:50:00,0.0
2024-06-01 23:55:00,0.0
2024-06-02 00:00:00,0.0
2024-06-02 00:05:00,0.0
2024-06-02 00:10:00,0.0
2024-06-02 00:15:00,0.0
2024-06-02 00:20:00,0.0
2024-06-02 00:25:00,0.0
2024-06-02 00:30:00,0.0
2024-06-02 00:35:00,0.0
2024-06-02 00:40:00,0.0
2024-06-02 00:45:00,0.0
2024-06-02 00:50:00,0.0
2024-06-02 00:55:00,0.0
2024-06-02 01:00:00,0.0
2024-06-02 01:05:00,0.0
2024-06-02 01:10:00,0.0
2024-06-02 01:15:00,0.0
2024-06-02 01:20:00,0.0
2024-06-02 01:25:00,0.0
2024-06-02 01:30:00,0.0
2024-06-02 01:35:00,0.0
2024-06-02 01:40:00,0.0
2024-06-02 01:45:00,0.0
2024-06-02 01:50:00,0.0
2024-06-02 01:55:00,0.0
2024-06-02 02:00:00,0.0
2024-06-02 02:05:00,0.0
2024-06-02 02:10:00,0.0
2024-06-02 02:15:00,0.0
2024-06-02 02:20:00,0.0
2024-06-02 02:25:00,0.0
2024-06-02 02:30:00,0.0
2024-06-02 02:35:00,0.0
2024-06-02 02:40:00,0.0
2024-06-02 02:45:00,0.0
2024-06-02 02:50:00,0.0
2024-06-02 02:55:00,0.0
2024-06-02 03:00:00,0.0
2024-06-02 03:05:00,0.0
2024-06-02 03:10:00,0.0
2024-06-02 03:15:00,0.0
2024-06-02 03:20:00,0.0
2024-06-02 03:25:00,0.0
2024-06-02 03:30:00,0.0
2024-06-02 03:35:00,0.0
2024-06-02 03:40:00,0.0
2024-06-02 03:45:00,0.0
2024-06-02 03:50:00,0.0
2024-06-02 03:55:00,0.0
2024-06-02 04:00:00,0.0
2024-06-02 04:05:00,0.0
2024-06-02 04:10:00,0.0
2024-06-02 04:15:00,0.0
2024-06-02 04:20:00,0.0
2024-06-02 04:25:00,0.0
2024-06-02 04:30:00,0.0
2024-06-02 04:35:00,0.0
2024-06-02 04:40:00,0.0
2024-06-02 04:45:00,0.0
2024-06-02 04:50:00,0.0
2024-06-02 04:55:00,0.0
2024-06-02 05:00:00,0.0
2024-06-02 05:05:00,0.0
2024-06-02 05:10:00,0.0
2024-06-02 05:15:00,0.0
2024-06-02 05:20:00,0.0
2024-06-02 05:25:00,0.000985046684741974
2024-06-02 05:30:00,0.0013616057336330414
2024-06-02 05:35:00,0.0014370019733905793
2024-06-02 05:40:00,0.001524452120065689
2024-06-02 05:45:00,0.001700196534395218
2024-06-02 05:50:00,0.002095815658569336
2024-06-02 05:55:00,0.0030447174310684203
2024-06-02 06:00:00,0.00383813351392746
2024-06-02 06:05:00,0.005043477058410645
2024-06-02 06:10:00,0.009456131279468536
2024-06-02 06:15:00,0.011006666570901871
2024-06-02 06:20:00,0.01598121339082718
2024-06-02 06:25:00,0.027220027834177016
2024-06-02 06:30:00,0.03937446880340576
2024-06-02 06:35:00,0.06986533498764039
2024-06-02 06:40:00,0.10211936950683594
2024-06-02 06:45:00,0.11568775177001951
2024-06-02 06:50:00,0.1264643955230713
2024-06-02 06:55:00,0.14058650016784668
2024-06-02 07:00:00,0.16932097244262695
2024-06-02 07:05:00,0.20346730804443358
2024-06-02 07:10:00,0.20743595886230468
2024-06-02 07:15:00,0.2118738327026367
2024-06-02 07:20:00,0.2530981559753418
2024-06-02 07:25:00,0.30051949310302734
2024-06-02 07:30:00,0.3535064239501953
2024-06-02 07:35:00,0.41127586364746094
2024-06-02 07:40:00,0.4439607162475586
2024-06-02 07:45:00,0.4696602554321289
2024-06-02 07:50:00,0.5088129653930664
2024-06-02 07:55:00,0.5454809341430664
2024-06-02 08:00:00,0.5705277862548828
2024-06-02 08:05:00,0.5990462341308593
2024-06-02 08:10:00,0.653079833984375
2024-06-02 08:15:00,0.7168038635253906
2024-06-02 08:20:00,0.7668484497070313
2024-06-02 08:25:00,0.8166382446289062
2024-06-02 08:30:00,0.859683822631836
2024-06-02 08:35:00,0.8779798126220704
2024-06-02 08:40:00,0.8960554504394531
2024-06-02 08:45:00,0.9384849395751952
2024-06-02 08:50:00,0.9748567962646484
2024-06-02 08:55:00,0.9909703063964844
2024-06-02 09:00:00,1.0121017303466795
2024-06-02 09:05:00,1.0212754821777343
2024-06-02 09:10:00,1.065218994140625
2024-06-02 09:15:00,1.1335546569824222
2024-06-02 09:20:00,1.0924713287353516
2024-06-02 09:25:00,0.9720705261230468
2024-06-02 09:30:00,0.8736461486816406
2024-06-02 09:35:00,0.8778914031982422
2024-06-02 09:40:00,0.9533790130615234
2024-06-02 09:45:00,1.0734504547119141
2024-06-02 09:50:00,1.3001844177246094
2024-06-02 09:55:00,1.5116751708984375
2024-06-02 10:00:00,1.6115050964355468
2024-06-02 10:05:00,1.6474855346679687
2024-06-02 10:10:00,1.6715690612792968
2024-06-02 10:15:00,1.7026366271972657
2024-06-02 10:20:00,1.7398117370605468
2024-06-02 10:25:00,1.7603771362304688
2024-06-02 10:30:00,1.7817696228027344
2024-06-02 10:35:00,1.8474143676757808
2024-06-02 10:40:00,1.9130279235839844
2024-06-02 10:45:00,1.9386644287109374
2024-06-02 10:50:00,1.9331528930664066
2024-06-02 10:55:00,1.939244201660156
2024-06-02 11:00:00,1.943592315673828
2024-06-02 11:05:00,1.901968231201172
2024-06-02 11:10:00,1.868472442626953
2024-06-02 11:15:00,1.8835932922363279
2024-06-02 11:20:00,1.9062879638671875
2024-06-02 11:25:00,1.9137119140625
2024-06-02 11:30:00,1.9222236328125
2024-06-02 11:35:00,1.927096435546875
2024-06-02 11:40:00,1.9256011352539064
2024-06-02 11:45:00,1.9235125732421876
2024-06-02 11:50:00,1.9176655883789064
2024-06-02 11:55:00,1.91212646484375
2024-06-02 12:00:00,1.9107303466796874
2024-06-02 12:05:00,1.9141181640625
2024-06-02 12:10:00,1.905901031494141
2024-06-02 12:15:00,1.8766747741699217
2024-06-02 12:20:00,1.8481662902832032
2024-06-02 12:25:00,1.7297505493164063
2024-06-02 12:30:00,1.415
2024-06-02 12:35:00,2.077
2024-06-02 12:40:00,1.25
2024-06-02 12:45:00,2.058
2024-06-02 12:50:00,1.096
2024-06-02 12:55:00,1.923
2024-06-02 13:00:00,1.3
2024-06-02 13:05:00,2.122
2024-06-02 13:10:00,1.621
2024-06-02 13:15:00,1.176
2024-06-02 13:20:00,0.6816
2024-06-02 13:25:00,0.9195
2024-06-02 13:30:00,2.186
2024-06-02 13:35:00,1.148
2024-06-02 13:40:00,1.919
2024-06-02 13:45:00,1.879
2024-06-02 13:50:00,0.0052
2024-06-02 13:55:00,1.584
2024-06-02 14:00:00,1.752
2024-06-02 14:05:00,1.117
2024-06-02 14:10:00,1.697
2024-06-02 14:15:00,0.9028999999999999
2024-06-02 14:20:00,1.336
2024-06-02 14:25:00,1.916
2024-06-02 14:30:00,1.236
2024-06-02 14:35:00,1.744
2024-06-02 14:40:00,1.081
2024-06-02 14:45:00,1.636
2024-06-02 14:50:00,1.362
2024-06-02 14:55:00,1.185
2024-06-02 15:00:00,1.736
2024-06-02 15:05:00,1.357
2024-06-02 15:10:00,1.271
2024-06-02 15:15:00,1.63
2024-06-02 15:20:00,0.849
2024-06-02 15:25:00,1.567
2024-06-02 15:30:00,1.538
2024-06-02 15:35:00,1.501
2024-06-02 15:40:00,1.475
2024-06-02 15:45:00,1.445
2024-06-02 15:50:00,1.422
2024-06-02 15:55:00,1.396
2024-06-02 16:00:00,1.357
2024-06-02 16:05:00,1.32
2024-06-02 16:10:00,1.286
2024-06-02 16:15:00,1.258
2024-06-02 16:20:00,1.22
2024-06-02 16:25:00,1.175
2024-06-02 16:30:00,1.127
2024-06-02 16:35:00,1.081
2024-06-02 16:40:00,1.043
2024-06-02 16:45:00,1.001
2024-06-02 16:50:00,0.932
2024-06-02 16:55:00,0.9074
2024-06-02 17:00:00,0.871
2024-06-02 17:05:00,0.8306
2024-06-02 17:10:00,0.7908
2024-06-02 17:15:00,0.7426
2024-06-02 17:20:00,0.666
2024-06-02 17:25:00,0.5343
2024-06-02 17:30:00,0.44839999999999997
2024-06-02 17:35:00,0.4155
2024-06-02 17:40:00,0.37889999999999996
2024-06-02 17:45:00,0.3443
2024-06-02 17:50:00,0.3023
2024-06-02 17:55:00,0.2321
2024-06-02 18:00:00,0.1715
2024-06-02 18:05:00,0.175
2024-06-02 18:10:00,0.1702
2024-06-02 18:15:00,0.1646
2024-06-02 18:20:00,0.12440000000000001
2024-06-02 18:25:00,0.09129999999999999
2024-06-02 18:30:00,0.0696
2024-06-02 18:35:00,0.0512
2024-06-02 18:40:00,0.0322
2024-06-02 18:45:00,0.0183
2024-06-02 18:50:00,0.0057
2024-06-02 18:55:00,0.0027
2024-06-02 19:00:00,0.009800000000000001
2024-06-02 19:05:00,0.0143
2024-06-02 19:10:00,0.0
2024-06-02 19:15:00,0.0
2024-06-02 19:20:00,0.0
2024-06-02 19:25:00,0.0
2024-06-02 19:30:00,0.0
2024-06-02 19:35:00,0.0
2024-06-02 19:40:00,0.0
2024-06-02 19:45:00,0.0
2024-06-02 19:50:00,0.0
2024-06-02 19:55:00,0.0
2024-06-02 20:00:00,0.0
2024-06-02 20:05:00,0.0
2024-06-02 20:10:00,0.0
2024-06-02 20:15:00,0.0
2024-06-02 20:20:00,0.0
2024-06-02 20:25:00,0.0
2024-06-02 20:30:00,0.0
2024-06-02 20:35:00,0.0
2024-06-02 20:40:00,0.0
2024-06-02 20:45:00,0.0
2024-06-02 20:50:00,0.0
2024-06-02 20:55:00,0.0
2024-06-02 21:00:00,0.0
2024-06-02 21:05:00,0.0
2024-06-02 21:10:00,0.0
2024-06-02 21:15:00,0.0
2024-06-02 21:20:00,0.0
2024-06-02 21:25:00,0.0
2024-06-02 21:30:00,0.0
2024-06-02 21:35:00,0.0
2024-06-02 21:40:00,0.0
2024-06-02 21:45:00,0.0
2024-06-02 21:50:00,0.0
2024-06-02 21:55:00,0.0
2024-06-02 22:00:00,0.0
2024-06-02 22:05:00,0.0
2024-06-02 22:10:00,0.0
2024-06-02 22:15:00,0.0
2024-06-02 22:20:00,0.0
2024-06-02 22:25:00,0.0
2024-06-02 22:30:00,0.0
2024-06-02 22:35:00,0.0
2024-06-02 22:40:00,0.0
2024-06-02 22:45:00,0.0
2024-06-02 22:50:00,0.0
2024-06-02 22:55:00,0.0
2024-06-02 23:00:00,0.0
2024-06-02 23:05:00,0.0
2024-06-02 23:10:00,0.0
2024-06-02 23:15:00,0.0
2024-06-02 23:20:00,0.0
2024-06-02 23:25:00,0.0
2024-06-02 23:30:00,0.0
2024-06-02 23:35:00,0.0
2024-06-02 23:40:00,0.0
2024-06-02 23:45:00,0.0
2024-06-02 23:50:00,0.0
2024-06-02 23:55:00,0.0
2024-06-03 00:00:00,0.0
2024-06-03 00:05:00,0.0
2024-06-03 00:10:00,0.0
2024-06-03 00:15:00,0.0
2024-06-03 00:20:00,0.0
2024-06-03 00:25:00,0.0
2024-06-03 00:30:00,0.0
2024-06-03 00:35:00,0.0
2024-06-03 00:40:00,0.0
2024-06-03 00:45:00,0.0
2024-06-03 00:50:00,0.0
2024-06-03 00:55:00,0.0
2024-06-03 01:00:00,0.0
2024-06-03 01:05:00,0.0
2024-06-03 01:10:00,0.0
2024-06-03 01:15:00,0.0
2024-06-03 01:20:00,0.0
2024-06-03 01:25:00,0.0
2024-06-03 01:30:00,0.0
2024-06-03 01:35:00,0.0
2024-06-03 01:40:00,0.0
2024-06-03 01:45:00,0.0
2024-06-03 01:50:00,0.0
2024-06-03 01:55:00,0.0
2024-06-03 02:00:00,0.0
2024-06-03 02:05:00,0.0
2024-06-03 02:10:00,0.0
2024-06-03 02:15:00,0.0
2024-06-03 02:20:00,0.0
2024-06-03 02:25:00,0.0
2024-06-03 02:30:00,0.0
2024-06-03 02:35:00,0.0
2024-06-03 02:40:00,0.0
2024-06-03 02:45:00,0.0
2024-06-03 02:50:00,0.0
2024-06-03 02:55:00,0.0
2024-06-03 03:00:00,0.0
2024-06-03 03:05:00,0.0
2024-06-03 03:10:00,0.0
2024-06-03 03:15:00,0.0
2024-06-03 03:20:00,0.0
2024-06-03 03:25:00,0.0
2024-06-03 03:30:00,0.0
2024-06-03 03:35:00,0.0
2024-06-03 03:40:00,0.0
2024-06-03 03:45:00,0.0
2024-06-03 03:50:00,0.0
2024-06-03 03:55:00,0.0
2024-06-03 04:00:00,0.0
2024-06-03 04:05:00,0.0
2024-06-03 04:10:00,0.0
2024-06-03 04:15:00,0.0
2024-06-03 04:20:00,0.0
2024-06-03 04:25:00,0.0
2024-06-03 04:30:00,0.0
2024-06-03 04:35:00,0.0
2024-06-03 04:40:00,0.0
2024-06-03 04:45:00,0.0
2024-06-03 04:50:00,0.0
2024-06-03 04:55:00,0.0
2024-06-03 05:00:00,0.0
2024-06-03 05:05:00,0.0
2024-06-03 05:10:00,0.0
2024-06-03 05:15:00,0.0
2024-06-03 05:20:00,0.0
2024-06-03 05:25:00,0.0008035454154014587
2024-06-03 05:30:00,0.0010870156288146973
2024-06-03 05:35:00,0.0010735773742198945
2024-06-03 05:40:00,0.0011020408868789673
2024-06-03 05:45:00,0.001182974487543106
2024-06-03 05:50:00,0.0012528164386749268
2024-06-03 05:55:00,0.001437727928161621
2024-06-03 06:00:00,0.0019551526308059686
2024-06-03 06:05:00,0.0025127571225166323
2024-06-03 06:10:00,0.003084323287010193
2024-06-03 06:15:00,0.004343386232852936
2024-06-03 06:20:00,0.006563117861747742
2024-06-03 06:25:00,0.01033846628665924
2024-06-03 06:30:00,0.014273098945617676
2024-06-03 06:35:00,0.018614054203033446
2024-06-03 06:40:00,0.0343426079750061
2024-06-03 06:45:00,0.051585399627685546
2024-06-03 06:50:00,0.05319206714630127
2024-06-03 06:55:00,0.05755368518829346
2024-06-03 07:00:00,0.05236655724048615
2024-06-03 07:05:00,0.02908823657035828
2024-06-03 07:10:00,0.041823428273200985
2024-06-03 07:15:00,0.08650929498672486
2024-06-03 07:20:00,0.11309144210815429
2024-06-03 07:25:00,0.12486247062683103
2024-06-03 07:30:00,0.1364867763519287
2024-06-03 07:35:00,0.1485982208251953
2024-06-03 07:40:00,0.1658473777770996
2024-06-03 07:45:00,0.1857850341796875
2024-06-03 07:50:00,0.16063823223114013
2024-06-03 07:55:00,0.13903078269958496
2024-06-03 08:00:00,0.22081441402435303
2024-06-03 08:05:00,0.2687305221557617
2024-06-03 08:10:00,0.2632650680541992
2024-06-03 08:15:00,0.4372363014221192
2024-06-03 08:20:00,0.6326088256835938
2024-06-03 08:25:00,0.6162363891601562
2024-06-03 08:30:00,0.5892569122314453
2024-06-03 08:35:00,0.6347032470703124
2024-06-03 08:40:00,0.6627054290771485
2024-06-03 08:45:00,0.6065762557983398
2024-06-03 08:50:00,0.5319769744873046
2024-06-03 08:55:00,0.5721306381225586
2024-06-03 09:00:00,0.6014934692382813
2024-06-03 09:05:00,0.5508420715332031
2024-06-03 09:10:00,0.4904299926757813
2024-06-03 09:15:00,0.4524945983886719
2024-06-03 09:20:00,0.43967957305908195
2024-06-03 09:25:00,0.43941207122802733
2024-06-03 09:30:00,0.44381771087646477
2024-06-03 09:35:00,0.4362048263549805
2024-06-03 09:40:00,0.5289275360107422
2024-06-03 09:45:00,0.648228759765625
2024-06-03 09:50:00,0.5534794616699219
2024-06-03 09:55:00,0.4832787628173828
2024-06-03 10:00:00,0.6378350067138672
2024-06-03 10:05:00,0.8031080169677735
2024-06-03 10:10:00,0.9043901824951172
2024-06-03 10:15:00,1.0182614288330079
2024-06-03 10:20:00,1.1686653747558593
2024-06-03 10:25:00,1.4927047729492187
2024-06-03 10:30:00,1.9390324096679687
2024-06-03 10:35:00,2.1451368408203124
2024-06-03 10:40:00,2.1609066772460936
2024-06-03 10:45:00,2.1909515380859372
2024-06-03 10:50:00,2.200315185546875
2024-06-03 10:55:00,2.1878279418945312
2024-06-03 11:00:00,2.1744591674804687
2024-06-03 11:05:00,2.148757873535156
2024-06-03 11:10:00,2.108049743652344
2024-06-03 11:15:00,2.0515213623046873
2024-06-03 11:20:00,1.9924728088378905
2024-06-03 11:25:00,1.9727267150878904
2024-06-03 11:30:00,1.9630997009277344
2024-06-03 11:35:00,1.9347880859375
2024-06-03 11:40:00,1.9191283569335935
2024-06-03 11:45:00,1.9149768981933597
2024-06-03 11:50:00,1.9134263305664065
2024-06-03 11:55:00,1.9192097778320312
2024-06-03 12:00:00,1.9280636901855468
2024-06-03 12:05:00,1.9319023742675778
2024-06-03 12:10:00,1.9224625549316408
2024-06-03 12:15:00,1.9135221862792968
2024-06-03 12:20:00,1.9131734619140626
2024-06-03 12:25:00,1.8556216430664065
2024-06-03 12:30:00,1.692
2024-06-03 12:35:00,1.213
2024-06-03 12:40:00,0.8626
2024-06-03 12:45:00,1.56
2024-06-03 12:50:00,1.542
2024-06-03 12:55:00,1.727
2024-06-03 13:00:00,1.431
2024-06-03 13:05:00,0.5566
2024-06-03 13:10:00,0.5942000000000001
2024-06-03 13:15:00,0.4353
2024-06-03 13:20:00,0.5124
2024-06-03 13:25:00,0.6267999999999999
2024-06-03 13:30:00,1.173
2024-06-03 13:35:00,1.782
2024-06-03 13:40:00,0.7846000000000001
2024-06-03 13:45:00,1.602
2024-06-03 13:50:00,0.9582999999999999
2024-06-03 13:55:00,0.8117000000000001
2024-06-03 14:00:00,0.7888
2024-06-03 14:05:00,0.6113999999999999
2024-06-03 14:10:00,0.9399
2024-06-03 14:15:00,1.556
2024-06-03 14:20:00,1.823
2024-06-03 14:25:00,1.506
2024-06-03 14:30:00,1.756
2024-06-03 14:35:00,1.497
2024-06-03 14:40:00,0.8134
2024-06-03 14:45:00,0.4762
2024-06-03 14:50:00,0.8222999999999999
2024-06-03 14:55:00,0.902
2024-06-03 15:00:00,0.694
2024-06-03 15:05:00,0.5702999999999999
2024-06-03 15:10:00,0.695
2024-06-03 15:15:00,0.7905
2024-06-03 15:20:00,0.44930000000000003
2024-06-03 15:25:00,0.3765
2024-06-03 15:30:00,0.2897
2024-06-03 15:35:00,0.2025
2024-06-03 15:40:00,0.1571
2024-06-03 15:45:00,0.1479
2024-06-03 15:50:00,0.1361
2024-06-03 15:55:00,0.1419
2024-06-03 16:00:00,0.2955
2024-06-03 16:05:00,0.2975
2024-06-03 16:10:00,0.6033
2024-06-03 16:15:00,0.5231
2024-06-03 16:20:00,0.7445
2024-06-03 16:25:00,0.9896
2024-06-03 16:30:00,1.061
2024-06-03 16:35:00,0.9601000000000001
2024-06-03 16:40:00,0.7674
2024-06-03 16:45:00,0.6186
2024-06-03 16:50:00,0.6433
2024-06-03 16:55:00,0.6702
2024-06-03 17:00:00,0.3282
2024-06-03 17:05:00,0.2844
2024-06-03 17:10:00,0.1687
2024-06-03 17:15:00,0.1441
2024-06-03 17:20:00,0.13340000000000002
2024-06-03 17:25:00,0.154
2024-06-03 17:30:00,0.1626
2024-06-03 17:35:00,0.1626
2024-06-03 17:40:00,0.1748
2024-06-03 17:45:00,0.1467
2024-06-03 17:50:00,0.1286
2024-06-03 17:55:00,0.1146
2024-06-03 18:00:00,0.10679999999999999
2024-06-03 18:05:00,0.09540000000000001
2024-06-03 18:10:00,0.0808
2024-06-03 18:15:00,0.0675
2024-06-03 18:20:00,0.054700000000000006
2024-06-03 18:25:00,0.049100000000000005
2024-06-03 18:30:00,0.0482
2024-06-03 18:35:00,0.042
2024-06-03 18:40:00,0.0295
2024-06-03 18:45:00,0.013099999999999999
2024-06-03 18:50:00,0.004200000000000001
2024-06-03 18:55:00,0.0027
2024-06-03 19:00:00,0.0112
2024-06-03 19:05:00,0.016800000000000002
2024-06-03 19:10:00,0.0
2024-06-03 19:15:00,0.0
2024-06-03 19:20:00,0.0
2024-06-03 19:25:00,0.0
2024-06-03 19:30:00,0.0
2024-06-03 19:35:00,0.0
2024-06-03 19:40:00,0.0
2024-06-03 19:45:00,0.0
2024-06-03 19:50:00,0.0
2024-06-03 19:55:00,0.0
2024-06-03 20:00:00,0.0
2024-06-03 20:05:00,0.0
2024-06-03 20:10:00,0.0
2024-06-03 20:15:00,0.0
2024-06-03 20:20:00,0.0
2024-06-03 20:25:00,0.0
2024-06-03 20:30:00,0.0
2024-06-03 20:35:00,0.0
2024-06-03 20:40:00,0.0
2024-06-03 20:45:00,0.0
2024-06-03 20:50:00,0.0
2024-06-03 20:55:00,0.0
2024-06-03 21:00:00,0.0
2024-06-03 21:05:00,0.0
2024-06-03 21:10:00,0.0
2024-06-03 21:15:00,0.0
2024-06-03 21:20:00,0.0
2024-06-03 21:25:00,0.0
2024-06-03 21:30:00,0.0
2024-06-03 21:35:00,0.0
2024-06-03 21:40:00,0.0
2024-06-03 21:45:00,0.0
2024-06-03 21:50:00,0.0
2024-06-03 21:55:00,0.0
2024-06-03 22:00:00,0.0
2024-06-03 22:05:00,0.0
2024-06-03 22:10:00,0.0
2024-06-03 22:15:00,0.0
2024-06-03 22:20:00,0.0
2024-06-03 22:25:00,0.0
2024-06-03 22:30:00,0.0
2024-06-03 22:35:00,0.0
2024-06-03 22:40:00,0.0
2024-06-03 22:45:00,0.0
2024-06-03 22:50:00,0.0
2024-06-03 22:55:00,0.0
2024-06-03 23:00:00,0.0
2024-06-03 23:05:00,0.0
2024-06-03 23:10:00,0.0
2024-06-03 23:15:00,0.0
2024-06-03 23:20:00,0.0
2024-06-03 23:25:00,0.0
2024-06-03 23:30:00,0.0
2024-06-03 23:35:00,0.0
2024-06-03 23:40:00,0.0
2024-06-03 23:45:00,0.0
2024-06-03 23:50:00,0.0
2024-06-03 23:55:00,0.0
